ticker	Index	Market Cap	Income	Sales	Book/sh	Cash/sh	Dividend	Dividend %	Employees	Optionable	Shortable	Recom	P/E	Forward P/E	PEG	P/S	P/B	P/C	P/FCF	Quick Ratio	Current Ratio	Debt/Eq	LT Debt/Eq	SMA20	EPS (ttm)	EPS next Y	EPS next Q	EPS this Y	EPS next 5Y	EPS past 5Y	Sales past 5Y	Sales Q/Q	EPS Q/Q	Earnings	SMA50	Insider Own	Insider Trans	Inst Own	Inst Trans	ROA	ROE	ROI	Gross Margin	Oper. Margin	Profit Margin	Payout	SMA200	Shs Outstand	Shs Float	Short Float	Short Ratio	Target Price	52W Range	52W High	52W Low	RSI (14)	Rel Volume	Avg Volume	Volume	Perf Week	Perf Month	Perf Quarter	Perf Half Y	Perf Year	Perf YTD	Beta	ATR	Volatility	Prev Close	Price	Change
PYPL	S&P 500	274.94B	3.14B	20.30B	15.77	12.46	-	-	23200	Yes	Yes	1.90	91.41	53.48	3.98	13.54	15.35	19.42	54.37	1.40	1.40	0.00	0.48	1.26%	2.65	4.53	0.99	19.90%	22.99%	43.20%	17.20%	24.70%	120.60%	Nov 02 AMC	10.50%	0.11%	-16.18%	85.60%	0.11%	5.40%	18.20%	10.00%	45.90%	15.40%	15.50%	0.00%	32.40%	1.17B	1.17B	1.29%	1.67	233.44	82.07 - 249.85	-4.20%	191.64%	57.86	1.00	9.01M	3,406,424	2.99%	9.63%	18.89%	42.55%	110.76%	3.36%	1.14	7.24	3.19% 2.80%	242.06	239.35	-1.12%
V	DJIA S&P500	468.21B	10.48B	21.85B	15.79	8.64	1.28	0.63%	20500	Yes	Yes	1.80	44.36	29.59	3.69	21.43	12.78	23.36	66.51	1.90	1.90	0.77	0.68	-4.69%	4.55	6.82	1.28	-18.60%	12.03%	10.90%	9.50%	-16.90%	-52.70%	Oct 28 AMC	-3.68%	0.11%	-10.00%	96.10%	0.00%	13.70%	34.80%	20.20%	79.30%	64.50%	47.90%	22.80%	2.61%	1.97B	1.55B	1.83%	3.39	231.94	133.93 - 220.39	-8.52%	50.53%	35.94	1.25	8.36M	3,942,818	-5.59%	-2.60%	-0.17%	4.32%	1.03%	-7.71%	0.96	4.17	2.22% 1.77%	201.86	201.61	-0.12%
MA	S&P 500	322.25B	6.70B	15.60B	5.79	10.78	1.76	0.54%	18600	Yes	Yes	1.90	49.26	39.72	4.74	20.66	56.46	30.33	53.57	1.90	1.90	0.00	2.17	-5.33%	6.64	8.23	1.53	43.30%	10.40%	20.70%	12.30%	-14.10%	-27.20%	Oct 28 BMO	-3.51%	11.10%	-1.13%	77.50%	0.01%	21.80%	114.20%	55.60%	-	54.00%	43.10%	22.90%	3.11%	1.00B	872.70M	0.57%	1.27	369.29	199.99 - 367.25	-11.59%	62.35%	38.14	2.05	3.94M	3,044,044	-6.55%	-1.27%	-4.60%	9.21%	4.03%	-8.41%	1.17	8.68	3.07% 2.29%	326.93	324.68	-0.69%
DFS	S&P 500	30.30B	1.01B	11.37B	30.05	57.04	1.76	1.79%	17200	Yes	Yes	2.30	30.17	12.54	43.11	2.66	3.28	1.73	5.82	-	-	3.54	2.32	6.37%	3.26	7.85	2.25	16.60%	0.70%	13.10%	9.60%	-11.80%	3.90%	Jan 20 AMC	16.57%	0.30%	-0.37%	88.80%	-0.04%	0.90%	10.60%	14.50%	-	33.70%	8.90%	54.00%	64.97%	306.00M	304.88M	2.20%	2.42	91.21	23.25 - 98.88	-1.95%	317.01%	69.46	0.89	2.78M	931,872	0.90%	19.12%	53.01%	95.72%	18.13%	8.73%	1.77	2.53	2.51% 2.65%	98.43	96.96	-1.50%
C	S&P 500	145.10B	10.87B	63.59B	84.49	457.73	2.04	2.96%	209000	Yes	Yes	2.00	13.48	11.36	11.14	2.28	0.82	0.15	-	-	-	1.47	1.47	4.83%	5.12	6.07	1.33	20.90%	1.21%	29.50%	4.40%	-30.60%	-32.50%	Jan 15 BMO	15.54%	0.22%	0.28%	76.20%	-0.09%	0.50%	6.20%	8.30%	-	50.10%	17.00%	39.80%	31.08%	2.08B	2.08B	1.22%	1.10	73.11	32.00 - 82.13	-20.05%	105.19%	61.60	1.75	22.93M	15,139,126	4.53%	17.48%	60.38%	34.10%	-15.05%	11.92%	1.92	1.87	2.79% 2.55%	69.01	65.66	-4.85%
SQ	-	104.12B	310.10M	7.65B	4.64	6.44	-	-	3835	Yes	Yes	2.40	502.79	206.74	12.73	13.61	50.17	36.14	475.42	1.70	1.70	1.08	0.85	0.43%	0.46	1.13	0.25	950.00%	39.49%	30.00%	40.90%	139.50%	18.60%	Nov 05 AMC	9.64%	0.40%	-56.00%	77.70%	1.72%	4.70%	16.50%	15.00%	32.10%	4.30%	4.10%	0.00%	61.81%	444.46M	378.45M	7.58%	3.03	209.90	32.33 - 246.49	-6.72%	611.17%	54.74	0.99	9.47M	3,515,526	-2.79%	7.84%	24.16%	94.07%	230.86%	6.96%	2.58	9.72	3.45% 3.99%	232.79	229.92	-1.23%
GS	DJIA S&P500	106.50B	6.28B	54.34B	228.85	442.87	5.00	1.62%	40900	Yes	Yes	2.20	17.76	12.23	1.40	1.96	1.35	0.70	8.28	-	-	8.19	2.79	11.42%	17.34	25.17	7.07	-12.40%	12.73%	4.30%	6.50%	-3.00%	87.50%	Jan 19 BMO	23.29%	0.60%	0.00%	70.90%	-0.20%	0.60%	7.80%	1.30%	72.60%	17.00%	11.60%	28.50%	44.30%	355.90M	341.93M	1.17%	1.31	295.15	130.85 - 309.41	-2.75%	129.95%	76.62	1.26	3.05M	1,448,921	5.56%	29.47%	45.75%	43.42%	25.55%	16.75%	1.49	7.47	2.50% 2.66%	307.87	300.89	-2.27%
AXP	DJIA S&P500	99.57B	3.28B	39.24B	27.20	40.93	1.72	1.39%	59000	Yes	Yes	2.50	30.56	18.20	3.90	2.54	4.55	3.02	41.26	-	-	6.03	2.05	2.68%	4.05	6.80	1.29	9.10%	7.83%	7.50%	5.50%	-21.40%	-37.40%	Jan 26 BMO	4.72%	0.11%	-2.29%	86.90%	0.06%	1.70%	15.10%	4.20%	71.80%	11.30%	8.40%	42.40%	21.02%	804.00M	652.51M	1.20%	1.86	124.81	67.00 - 138.13	-11.18%	83.12%	58.45	0.85	4.21M	1,348,646	1.74%	5.47%	18.10%	28.51%	-4.65%	2.37%	1.26	2.97	1.90% 2.30%	123.78	122.69	-0.88%
PRG	-	3.97B	-244.80M	4.19B	24.31	6.90	0.18	0.31%	12100	Yes	Yes	1.90	-	16.64	-	0.95	2.40	8.44	9.21	-	-	0.17	0.17	10.22%	-3.71	3.50	0.90	-83.50%	18.50%	-15.70%	7.90%	9.20%	176.70%	-	12.02%	0.80%	0.00%	85.40%	-10.07%	-6.90%	-13.20%	2.10%	96.70%	-6.10%	-5.00%	-	41.31%	67.40M	66.59M	3.34%	2.89	68.89	11.02 - 60.11	-0.57%	442.27%	66.15	0.50	769.89K	145,620	9.70%	13.66%	18.50%	56.06%	15.20%	8.13%	2.02	2.57	4.53% 4.55%	58.25	59.77	2.61%
GOOGL	S&P 500	1159.65B	35.71B	171.70B	313.37	197.92	-	-	132121	Yes	Yes	1.80	33.45	28.24	1.99	6.75	5.52	8.75	34.09	3.40	3.40	0.07	0.07	-0.78%	51.75	61.30	15.64	12.50%	16.81%	19.90%	19.70%	14.00%	62.00%	Oct 29 AMC	-1.49%	0.12%	0.00%	80.30%	0.01%	12.70%	17.30%	14.10%	53.60%	20.30%	20.80%	0.00%	13.18%	679.45M	610.48M	0.46%	1.72	1924.15	1008.87 - 1843.83	-6.11%	71.59%	46.89	0.99	1.63M	638,031	-2.45%	-1.22%	10.71%	14.26%	20.27%	-1.24%	1.01	37.71	2.22% 2.04%	1730.92	1731.10	0.01%
FB	S&P 500	702.71B	25.28B	78.98B	41.31	19.44	-	-	56653	Yes	Yes	1.80	29.13	23.42	1.75	8.90	5.95	12.63	36.62	5.50	5.50	0.00	0.00	-5.18%	8.43	10.49	3.19	-15.10%	16.60%	42.20%	41.50%	21.60%	28.10%	Jan 27 AMC	-7.46%	0.63%	-12.08%	79.80%	0.04%	18.10%	23.30%	17.40%	81.00%	36.40%	32.00%	0.00%	2.29%	2.85B	2.39B	0.97%	1.24	321.70	137.10 - 304.67	-16.82%	84.84%	38.72	1.92	18.71M	14,216,009	-8.60%	-10.41%	-9.63%	1.95%	11.07%	-10.07%	1.25	7.82	3.02% 2.67%	245.64	253.42	3.17%
TWTR	S&P 500	37.02B	-1239.00M	3.43B	9.88	9.50	-	-	4900	Yes	Yes	2.80	-	51.45	-	10.78	4.63	4.82	176.04	4.40	4.40	0.44	0.33	-13.34%	-1.58	0.89	0.29	19.60%	-	31.60%	19.80%	13.70%	-23.10%	Oct 29 AMC	-5.96%	0.20%	-24.10%	76.30%	-0.03%	-9.60%	-15.00%	12.80%	63.70%	-2.40%	-36.10%	-	16.08%	790.83M	777.23M	2.80%	1.25	45.06	20.00 - 56.11	-18.66%	128.20%	28.23	1.81	17.42M	12,468,933	-12.50%	-11.98%	-0.41%	29.79%	37.80%	-15.44%	0.72	2.09	5.59% 3.51%	45.79	45.64	-0.33%
SNAP	-	72.65B	-1072.40M	2.16B	1.50	1.84	-	-	3195	Yes	Yes	2.10	-	215.99	-	33.69	32.69	26.66	-	5.40	5.40	0.75	0.75	-2.94%	-0.75	0.23	0.07	22.20%	-	-	-	52.10%	16.50%	Oct 20 AMC	5.26%	11.20%	-5.47%	61.60%	4.50%	-24.60%	-48.90%	-33.80%	51.30%	-45.40%	-49.70%	-	74.52%	1.47B	927.99M	7.32%	1.92	43.49	7.89 - 57.39	-12.79%	534.35%	49.23	0.84	35.39M	11,790,646	-6.50%	-4.98%	79.47%	105.15%	169.54%	-2.08%	1.29	2.88	7.13% 5.22%	49.03	50.05	2.08%
AAPL	DJIA S&P500	2150.13B	57.41B	274.52B	3.83	5.45	0.82	0.64%	147000	Yes	Yes	2.00	39.46	29.59	3.10	7.83	33.66	23.64	36.27	1.30	1.40	1.73	1.52	-1.37%	3.27	4.36	1.40	10.20%	12.72%	7.30%	3.30%	1.00%	-3.00%	Jan 27 AMC	3.94%	0.07%	-7.10%	60.30%	-0.04%	17.60%	75.20%	31.70%	38.20%	24.10%	20.90%	24.10%	24.26%	17.06B	16.63B	0.57%	0.87	129.84	53.15 - 138.79	-7.20%	142.32%	51.07	1.26	108.91M	54,246,939	-1.54%	5.85%	6.37%	33.55%	65.62%	-2.85%	1.27	3.42	1.88% 2.53%	128.91	128.80	-0.09%
MSFT	DJIA S&P500	1600.78B	47.50B	147.11B	16.31	18.36	2.24	1.05%	163000	Yes	Yes	1.60	34.37	28.52	2.36	10.88	13.06	11.60	47.44	2.50	2.50	0.60	0.54	-2.61%	6.20	7.47	1.64	13.40%	14.55%	31.30%	8.90%	12.40%	31.40%	Oct 27 AMC	-1.28%	0.10%	-7.27%	71.90%	-0.01%	16.20%	40.70%	23.10%	68.30%	38.10%	32.30%	32.60%	5.30%	7.57B	7.56B	0.53%	1.42	241.21	132.52 - 232.86	-8.23%	61.25%	44.32	1.19	28.06M	13,262,014	-2.41%	-0.55%	-3.55%	4.46%	30.54%	-4.23%	0.84	4.09	1.59% 1.83%	213.02	213.69	0.32%
NFLX	S&P 500	220.62B	2.68B	23.82B	23.40	19.05	-	-	8600	Yes	Yes	2.30	84.79	55.48	2.07	9.26	21.40	26.29	341.79	1.20	1.20	1.55	1.50	-3.71%	5.91	9.03	1.38	46.90%	40.95%	44.20%	29.60%	22.70%	17.80%	Jan 19 AMC	-1.04%	1.55%	-14.22%	81.90%	0.25%	7.80%	31.50%	10.20%	41.70%	17.20%	11.80%	0.00%	4.24%	441.53M	434.94M	1.90%	1.73	550.54	290.25 - 575.37	-13.33%	71.81%	44.67	1.13	4.78M	2,141,616	-1.58%	-4.13%	-7.50%	-5.03%	47.72%	-7.37%	0.83	15.05	2.88% 2.63%	500.86	498.67	-0.44%
TSLA	S&P 500	800.98B	525.00M	28.18B	17.11	15.33	-	-	48016	Yes	Yes	2.80	1673.27	214.09	-	28.43	49.39	55.12	188.47	1.30	1.60	0.86	0.66	15.40%	0.51	3.95	0.92	14.90%	-	-15.60%	50.40%	-49.00%	124.60%	Oct 21 AMC	39.07%	0.10%	-35.64%	42.50%	0.26%	1.40%	5.00%	-0.90%	21.10%	6.30%	1.90%	0.00%	130.67%	947.90M	758.46M	5.96%	1.02	450.87	70.10 - 884.49	-4.89%	1099.97%	69.32	1.05	44.23M	18,326,083	3.55%	32.07%	83.18%	181.55%	714.85%	19.74%	2.12	40.29	4.61% 4.53%	845.00	841.20	-0.45%
NVDA	S&P 500	328.50B	3.83B	14.78B	24.81	16.30	0.64	0.12%	13775	Yes	Yes	2.10	86.28	45.24	3.91	22.23	21.28	32.40	85.64	3.50	3.90	0.45	0.39	-1.39%	6.12	11.67	2.80	-25.10%	22.05%	32.20%	18.50%	56.80%	45.80%	Nov 18 AMC	-2.17%	0.30%	-20.36%	68.60%	-0.32%	16.50%	28.10%	18.80%	62.60%	27.20%	25.90%	10.30%	16.75%	618.00M	593.11M	0.95%	0.72	592.84	180.68 - 589.07	-11.58%	188.28%	46.22	1.12	7.83M	3,469,570	-1.08%	-0.82%	-6.35%	30.25%	115.01%	1.11%	1.40	15.66	3.09% 2.75%	528.01	520.88	-1.35%
INTC	DJIA S&P500	245.34B	21.95B	78.10B	17.80	4.41	1.32	2.23%	110800	Yes	Yes	3.10	11.62	13.05	1.46	3.14	3.33	13.44	16.64	1.20	1.70	0.49	0.48	17.25%	5.10	4.54	1.10	6.60%	7.94%	15.20%	5.20%	-4.50%	-24.90%	Jan 21 AMC	21.22%	0.05%	0.07%	66.50%	0.01%	15.10%	28.30%	17.80%	56.50%	31.50%	28.10%	25.30%	10.35%	4.19B	4.10B	1.79%	1.84	52.05	43.61 - 69.29	-14.83%	35.32%	78.12	1.25	39.88M	19,660,604	13.53%	17.40%	10.64%	0.19%	0.53%	18.93%	0.70	2.03	3.74% 3.23%	59.25	59.01	-0.40%
BABA	-	631.56B	20.36B	90.27B	49.03	24.40	-	-	122399	Yes	Yes	1.60	32.40	19.43	8.40	7.00	4.96	9.96	25.21	2.00	2.00	0.14	0.14	2.16%	7.50	12.51	3.31	67.50%	3.86%	42.10%	46.20%	30.30%	-61.90%	Nov 05 BMO	-4.81%	0.23%	0.00%	43.90%	0.12%	9.70%	16.70%	6.70%	43.30%	16.30%	22.60%	0.00%	-1.59%	2.70B	2.70B	1.52%	1.63	334.07	169.95 - 319.32	-23.20%	44.30%	50.62	1.27	25.20M	12,040,984	7.09%	-5.10%	-19.29%	0.20%	7.96%	4.40%	0.91	9.72	3.51% 3.49%	242.98	245.23	0.93%
AMZN	S&P 500	1559.08B	17.38B	347.95B	165.22	137.21	-	-	1125300	Yes	Yes	1.70	91.59	68.87	2.52	4.48	18.93	22.79	63.22	0.90	1.10	0.61	0.61	-2.70%	34.15	45.41	7.15	15.90%	36.35%	115.10%	25.80%	37.40%	192.00%	Oct 29 AMC	-1.81%	10.60%	-3.70%	58.70%	-0.05%	7.00%	24.50%	11.70%	40.20%	5.70%	5.00%	0.00%	6.18%	501.00M	428.51M	0.71%	0.72	3819.30	1626.03 - 3552.25	-12.32%	91.54%	43.54	1.13	4.21M	1,783,908	-1.10%	-0.93%	-7.02%	4.25%	67.96%	-3.97%	1.15	64.94	1.77% 1.97%	3127.47	3114.44	-0.42%
EBAY	S&P 500	37.11B	2.32B	10.22B	4.20	5.26	0.64	1.16%	13300	Yes	Yes	2.50	17.52	14.92	0.97	3.63	13.16	10.50	26.93	1.80	1.80	2.66	2.65	4.72%	3.15	3.71	0.83	0.50%	18.07%	38.10%	4.20%	25.10%	249.60%	Oct 28 AMC	8.55%	3.50%	-1.34%	94.50%	0.02%	43.60%	304.80%	17.40%	76.70%	26.00%	80.50%	5.60%	10.74%	696.00M	664.01M	3.90%	3.02	62.65	26.02 - 61.06	-9.84%	111.57%	62.79	0.65	8.59M	2,115,938	4.17%	11.50%	-2.11%	-5.76%	56.44%	9.99%	1.19	1.38	2.57% 2.68%	55.27	55.05	-0.40%
WMT	DJIA S&P500	415.88B	19.74B	548.74B	28.74	5.06	2.16	1.47%	2200000	Yes	Yes	1.90	21.22	25.53	3.06	0.76	5.11	29.03	22.93	0.20	0.80	0.62	0.56	-0.14%	6.93	5.76	1.50	114.90%	6.93%	0.90%	1.50%	5.20%	56.80%	Nov 17 BMO	-1.24%	0.90%	-54.56%	30.40%	0.03%	8.20%	26.40%	12.10%	24.80%	4.10%	3.60%	30.80%	7.99%	2.83B	1.38B	1.04%	2.06	162.28	102.00 - 153.66	-5.28%	42.70%	46.10	2.03	6.96M	5,324,218	0.22%	0.91%	2.11%	11.17%	27.49%	1.96%	0.48	1.98	1.14% 1.31%	146.97	145.55	-0.97%
TGT	S&P 500	97.88B	3.82B	88.62B	26.61	12.13	2.72	1.37%	368000	Yes	Yes	2.10	26.24	23.31	1.95	1.10	7.44	16.32	16.23	0.40	1.00	0.95	0.94	7.99%	7.55	8.50	2.27	16.80%	13.49%	10.40%	1.50%	21.30%	46.30%	Nov 18 BMO	12.60%	0.20%	-21.41%	82.80%	0.19%	8.20%	31.30%	16.00%	29.20%	6.70%	4.30%	34.90%	38.19%	500.60M	499.63M	1.53%	2.00	183.33	90.17 - 199.96	-1.98%	117.38%	74.20	0.96	3.83M	1,379,228	3.62%	15.80%	20.76%	62.37%	69.24%	12.17%	0.99	3.68	2.19% 2.03%	198.01	196.01	-1.01%
COST	S&P 500	159.63B	4.32B	172.93B	33.55	32.74	2.80	0.77%	156000	Yes	Yes	2.20	37.22	32.97	4.33	0.92	10.80	11.07	30.69	0.50	1.00	0.51	0.51	-1.46%	9.74	10.99	2.41	12.90%	8.60%	10.90%	7.50%	16.70%	37.90%	Dec 10 AMC	-2.04%	0.20%	-4.10%	70.10%	-0.15%	8.00%	26.00%	15.50%	13.20%	3.40%	2.50%	27.60%	9.35%	442.95M	441.98M	0.73%	1.39	400.37	264.36 - 388.07	-6.35%	37.48%	42.65	1.05	2.32M	911,627	-1.51%	-3.21%	-1.72%	13.97%	23.61%	-3.83%	0.64	5.29	1.58% 1.34%	362.35	363.43	0.30%
DG	S&P 500	52.71B	2.55B	32.49B	28.27	8.90	1.44	0.68%	143000	Yes	Yes	2.00	21.13	21.26	1.25	1.62	7.54	23.96	19.91	0.40	1.30	0.00	0.59	-0.50%	10.09	10.03	2.72	12.00%	16.90%	13.70%	8.00%	17.30%	62.50%	Dec 03 BMO	-0.56%	0.10%	-53.11%	95.10%	0.20%	10.20%	36.10%	18.90%	31.60%	10.50%	7.80%	13.80%	6.88%	247.13M	244.52M	1.01%	1.43	236.42	125.00 - 225.25	-6.07%	69.26%	47.43	0.92	1.72M	599,985	-2.06%	3.56%	-3.12%	12.87%	36.18%	1.40%	0.55	3.92	1.96% 1.75%	213.24	211.57	-0.78%
HD	DJIA S&P500	285.86B	12.49B	125.63B	1.43	13.75	6.00	2.24%	415700	Yes	Yes	2.20	23.19	21.66	2.76	2.28	187.65	19.51	24.09	0.70	1.40	23.01	21.39	1.38%	11.57	12.39	2.55	6.10%	8.41%	16.80%	5.80%	23.20%	25.80%	Nov 17 BMO	0.65%	0.10%	-24.24%	71.60%	-0.01%	20.80%	-910.80%	43.60%	34.00%	14.00%	9.90%	50.40%	5.44%	1.08B	1.08B	0.71%	1.95	304.82	140.63 - 292.95	-6.83%	94.09%	54.64	1.21	3.89M	1,766,971	0.78%	1.04%	-6.53%	3.98%	19.48%	1.02%	1.03	4.78	2.29% 1.64%	268.34	272.95	1.72%
MMM	DJIA S&P500	97.77B	4.96B	31.71B	20.56	7.76	5.88	3.53%	96163	Yes	Yes	3.10	19.50	17.53	4.34	3.08	8.09	21.44	33.13	1.40	1.90	1.65	1.55	-4.49%	8.53	9.49	2.16	-14.90%	4.50%	0.90%	0.20%	4.50%	-10.60%	Jan 26 BMO	-4.12%	0.19%	-3.00%	66.60%	-0.02%	10.90%	46.20%	16.40%	48.10%	20.90%	15.70%	68.00%	2.21%	577.80M	575.73M	1.32%	2.98	177.56	114.04 - 182.15	-9.73%	44.19%	33.72	1.07	2.55M	1,032,373	-1.95%	-3.85%	-1.18%	3.68%	-7.44%	-4.79%	0.95	2.95	1.70% 1.60%	166.41	164.43	-1.19%
GE	S&P 500	101.51B	3.50B	83.93B	3.80	4.50	0.04	0.34%	205000	Yes	Yes	2.00	29.15	31.18	-	1.21	3.07	2.59	46.71	-	-	2.39	2.21	4.32%	0.40	0.37	0.09	99.80%	-2.24%	-14.90%	-3.90%	-16.90%	12.70%	Jan 26 BMO	11.15%	0.20%	-60.93%	62.10%	0.13%	1.20%	9.70%	2.30%	22.40%	15.30%	3.80%	11.00%	50.86%	8.76B	8.74B	0.96%	0.85	11.50	5.48 - 13.26	-13.50%	109.31%	61.15	0.85	98.56M	31,374,342	3.46%	7.66%	70.97%	65.39%	-1.77%	7.96%	1.09	0.37	3.01% 3.29%	11.66	11.47	-1.63%
KSU	S&P 500	19.80B	578.30M	2.67B	47.54	6.94	1.76	0.83%	7040	Yes	Yes	2.30	35.17	25.07	2.98	7.42	4.47	30.64	23.67	2.00	2.30	0.85	0.84	3.16%	6.04	8.48	1.94	-8.90%	11.79%	3.50%	2.10%	-11.80%	11.30%	Jan 22 BMO	8.00%	0.30%	-8.02%	89.60%	-0.08%	5.80%	13.00%	8.30%	70.90%	36.60%	21.70%	26.30%	24.57%	93.88M	93.17M	1.44%	1.55	203.74	92.86 - 222.63	-5.27%	127.12%	63.44	0.62	862.89K	201,136	-1.44%	10.68%	15.25%	34.15%	33.07%	4.11%	0.98	4.71	2.25% 2.23%	212.52	210.90	-0.76%
LMT	S&P 500	99.07B	6.59B	64.24B	17.73	12.57	10.40	2.99%	110000	Yes	Yes	2.20	14.85	13.28	1.83	1.54	19.60	27.64	28.57	1.10	1.30	2.56	2.36	0.18%	23.40	26.17	6.42	25.80%	8.10%	16.80%	8.40%	8.70%	10.30%	Oct 20 BMO	-2.94%	0.08%	0.00%	77.80%	-0.03%	13.30%	171.20%	47.70%	13.30%	13.20%	10.20%	41.20%	-6.65%	279.30M	237.25M	1.26%	1.94	432.94	266.11 - 442.53	-21.07%	31.27%	47.88	1.04	1.55M	605,549	1.43%	-2.86%	-11.08%	-5.04%	-17.46%	-2.12%	0.92	7.05	2.24% 1.87%	347.44	349.31	0.54%
RTX	S&P 500	107.61B	-2112.00M	59.72B	45.24	6.59	1.90	2.68%	243200	Yes	Yes	2.00	-	20.36	-	1.80	1.57	10.76	987.29	0.90	1.20	0.48	0.46	-0.54%	-0.82	3.49	0.71	-13.70%	-	-0.70%	5.90%	29.70%	-91.00%	Jan 26 BMO	0.47%	0.10%	5.97%	77.10%	-0.02%	-1.70%	-4.60%	7.80%	19.50%	-0.30%	-4.20%	-	10.44%	1.51B	1.39B	1.12%	1.91	82.13	40.71 - 93.45	-25.20%	71.71%	48.68	0.86	8.12M	2,627,478	1.66%	0.20%	18.35%	13.74%	-20.85%	-0.80%	1.49	1.65	2.40% 2.25%	70.94	69.90	-1.47%
HON	DJIA S&P500	148.18B	4.82B	33.23B	25.72	21.13	3.72	1.78%	113000	Yes	Yes	2.10	31.00	26.36	10.28	4.46	8.11	9.87	58.68	1.40	1.60	1.23	0.98	-1.07%	6.73	7.91	2.00	-4.40%	3.02%	8.50%	-1.90%	-14.20%	-48.60%	Oct 30 BMO	0.82%	0.15%	-5.23%	78.50%	1.74%	8.20%	27.50%	17.20%	32.20%	18.30%	15.00%	51.20%	25.23%	702.60M	700.62M	0.87%	2.03	215.57	101.08 - 216.70	-4.19%	105.39%	48.67	0.89	3.00M	1,006,790	-1.88%	-1.53%	20.26%	36.28%	15.43%	-1.92%	1.15	3.66	1.60% 1.69%	208.61	207.61	-0.48%
BA	DJIA S&P500	120.09B	-4463.00M	63.41B	-20.86	47.40	-	-	161100	Yes	Yes	2.70	-	167.26	-	1.89	-	4.43	-	0.50	1.40	-	-	-3.49%	-7.88	1.26	-1.23	-106.30%	12.33%	-16.60%	-1.30%	-29.20%	-138.60%	Jan 27 BMO	-1.07%	0.12%	0.17%	53.00%	0.51%	-3.00%	42.70%	-1.90%	2.90%	-10.90%	-7.00%	-	18.93%	566.60M	563.86M	2.28%	0.64	227.05	89.00 - 349.95	-40.91%	132.35%	43.75	0.74	20.06M	5,611,807	-1.32%	-8.18%	28.59%	17.47%	-36.35%	-1.94%	1.61	6.91	2.62% 2.79%	209.91	206.79	-1.49%
ROK	S&P 500	30.26B	1.02B	6.33B	8.88	6.12	4.28	1.63%	23500	Yes	Yes	2.80	29.97	27.61	2.63	4.78	29.59	42.91	56.69	1.20	1.50	1.95	1.92	1.38%	8.77	9.52	1.89	50.50%	11.39%	7.50%	0.10%	-9.30%	3143.20%	Nov 10 BMO	2.59%	0.20%	-29.63%	80.10%	0.06%	14.40%	130.40%	33.80%	41.00%	17.90%	16.20%	46.20%	15.28%	116.17M	115.88M	1.85%	3.31	250.14	115.38 - 267.48	-4.18%	122.14%	53.81	0.88	646.50K	213,897	1.24%	8.13%	7.69%	17.68%	29.93%	4.76%	1.37	5.48	2.02% 2.04%	262.75	256.30	-2.45%
MCD	DJIA S&P500	152.56B	4.93B	19.24B	-11.38	-	5.16	2.47%	205000	Yes	Yes	1.90	31.82	25.04	5.79	7.93	-	-	290.25	1.10	1.10	-	-	-1.42%	6.55	8.33	1.80	4.00%	5.50%	10.50%	-5.10%	-1.50%	11.70%	Jan 28 BMO	-1.86%	0.06%	-7.58%	68.80%	-0.04%	9.90%	-55.60%	27.40%	51.00%	38.80%	25.60%	75.70%	3.41%	744.50M	744.49M	0.82%	1.95	241.68	124.23 - 231.91	-9.67%	68.62%	43.79	0.97	3.13M	1,142,163	-1.64%	-1.61%	-8.40%	9.21%	-0.61%	-2.83%	0.62	3.39	1.63% 1.50%	208.50	209.48	0.47%
WEN	-	4.59B	105.60M	1.69B	2.33	1.42	0.28	1.34%	13300	Yes	Yes	2.10	45.25	29.26	4.01	2.72	8.95	14.65	44.72	1.70	1.70	5.31	5.22	-0.03%	0.46	0.71	0.18	-69.10%	11.28%	13.50%	-3.10%	3.30%	-11.00%	Nov 04 BMO	-1.43%	7.30%	-2.68%	72.50%	0.15%	2.10%	21.40%	6.70%	61.80%	13.40%	6.30%	72.30%	1.38%	223.91M	206.53M	2.84%	2.48	25.26	6.82 - 24.91	-12.28%	220.38%	51.01	2.20	2.36M	1,951,714	-1.18%	-7.12%	-13.48%	-6.16%	-3.34%	-4.84%	0.99	0.48	2.31% 2.13%	20.86	21.85	4.75%
JACK	-	2.20B	89.40M	1.02B	-34.61	8.83	1.60	1.65%	5200	Yes	Yes	2.30	25.08	16.49	2.62	2.15	-	11.00	22.76	1.00	1.00	-	-	5.01%	3.87	5.89	1.70	9.20%	9.57%	5.40%	-7.90%	15.50%	92.10%	Nov 18 AMC	8.90%	1.30%	-2.37%	-	0.18%	4.90%	-10.80%	27.20%	60.60%	18.70%	8.80%	30.70%	27.25%	22.92M	22.28M	10.63%	5.98	102.88	16.81 - 98.35	0.24%	486.50%	64.34	0.44	396.22K	66,018	0.23%	8.14%	14.67%	26.55%	20.00%	4.68%	1.74	2.48	2.02% 2.82%	97.14	98.59	1.49%
DPZ	S&P 500	14.51B	468.70M	3.91B	-81.83	11.58	3.12	0.83%	13100	Yes	Yes	2.10	32.00	28.91	2.12	3.71	-	32.28	43.26	1.80	2.00	-	-	-3.74%	11.68	12.93	3.87	14.40%	15.10%	27.30%	12.70%	17.90%	21.30%	Oct 08 BMO	-3.49%	0.40%	-12.72%	92.60%	-0.21%	31.40%	-14.10%	78.40%	38.50%	17.50%	12.00%	24.00%	-3.21%	39.25M	39.11M	3.18%	2.29	431.48	270.08 - 435.58	-14.12%	38.51%	37.98	1.02	543.63K	208,574	-2.45%	-2.46%	-7.29%	-8.27%	29.54%	-2.52%	0.40	7.98	2.37% 2.12%	373.80	374.09	0.08%
CMG	S&P 500	38.54B	237.20M	5.82B	64.55	36.82	-	-	83000	Yes	Yes	2.20	168.92	66.16	6.55	6.63	21.87	38.34	98.17	1.50	1.50	0.00	0.00	1.16%	8.36	21.34	3.73	103.40%	25.77%	-2.60%	6.30%	14.10%	-18.80%	Feb 02 AMC	5.62%	0.10%	-74.01%	97.70%	5.22%	4.50%	13.80%	20.00%	23.80%	4.70%	4.10%	0.00%	21.55%	27.97M	27.66M	3.34%	2.78	1434.65	415.00 - 1453.50	-3.08%	239.45%	58.25	0.72	332.40K	89,605	3.19%	7.81%	6.84%	24.99%	63.20%	1.81%	1.31	34.58	2.49% 2.41%	1411.80	1408.72	-0.22%
QSR	-	19.52B	-	5.09B	7.71	-	2.08	3.24%	6300	Yes	Yes	2.30	34.84	21.56	1.82	3.84	8.33	-	-	-	-	-	-	2.31%	1.84	2.98	0.56	28.60%	19.13%	40.67%	-	-8.30%	-27.90%	Oct 27 BMO	5.48%	3.16%	-5.84%	83.89%	-	-	-	-	-	-	-	-	14.31%	303.88M	274.82M	2.50%	3.99	70.50	25.08 - 67.33	-6.27%	151.63%	57.02	0.62	1.72M	401,696	1.18%	4.81%	8.04%	11.01%	2.41%	5.12%	-	1.49	2.02% 2.34%	64.24	63.11	-1.76%
